Component,Explained variance ratio,Cumulative
1,0.189371193360418,0.189371193360418
2,0.09790131188700997,0.287272505247428
3,0.07174448412649238,0.35901698937392035
4,0.051733825895062764,0.4107508152689831
5,0.04096660050025935,0.45171741576924246
6,0.038855248921971744,0.4905726646912142
7,0.03590479323545271,0.5264774579266669
8,0.03357616258888876,0.5600536205155556
9,0.029516995179703943,0.5895706156952596
10,0.028512085832499198,0.6180827015277588
11,0.02802548662323722,0.646108188150996
12,0.026851818410280778,0.6729600065612767
13,0.023598818164418677,0.6965588247256954
14,0.022079775956737806,0.7186386006824332
15,0.02015076218469093,0.7387893628671242
16,0.019502658440079826,0.758292021307204
17,0.0187312397177651,0.7770232610249691
18,0.017974141897284274,0.7949974029222534
19,0.017577117757584314,0.8125745206798377
20,0.01478823268513786,0.8273627533649756
21,0.013708637927596265,0.8410713912925718
22,0.012849388789420145,0.8539207800819919
23,0.012790864824541122,0.8667116449065331
24,0.012274451289578783,0.8789860961961119
25,0.010979660279059132,0.8899657564751711
26,0.01092856753411061,0.9008943240092817
27,0.010587887945209682,0.9114822119544914
28,0.010113254276245043,0.9215954662307364
29,0.010015298072523555,0.93161076430326
30,0.009168592296216383,0.9407793565994763
